{
    "C1": 0,
    "C#1": 0,
    "D1": 0,
    "D#1": 0,
    "E1": 0,
    "F1": 0,
    "F#1": 0,
    "G1": 0,
    "G#1": 0,
    "A1": 0,
    "A#1": 0,
    "B1": 0,
    "C2": 0,
    "C#2": 0,
    "D2": 0,
    "D#2": 0,
    "E2": 0,
    "F2": 0,
    "F#2": 0,
    "G2": 0,
    "G#2": 0,
    "A2": 0,
    "A#2": 0,
    "B2": 0,
    "C3": 0,
    "C#3": 0,
    "D3": 0,
    "D#3": 0,
    "E3": 0,
    "F3": 28.62098772572288,
    "F#3": -40.419267561514914,
    "G3": 0,
    "G#3": 0,
    "A3": 0,
    "A#3": 5.110139781417482,
    "B3": -34.12162226638919,
    "C4": 6.736885005654625,
    "C#4": -45.04422631727669,
    "D4": -35.30209373875469,
    "D#4": 0,
    "E4": 0,
    "F4": 0,
    "F#4": -17.02797913730589,
    "G4": 0,
    "G#4": 0,
    "A4": -1.8778248373858473,
    "A#4": 0,
    "B4": 0,
    "C5": 0,
    "C#5": 0,
    "D5": 0,
    "D#5": 0,
    "E5": 0,
    "F5": 0,
    "F#5": 0,
    "G5": 0,
    "G#5": 0,
    "A5": 0,
    "A#5": 0,
    "B5": 0,
    "C6": 0,
    "C#6": 0,
    "D6": 0,
    "D#6": 0,
    "E6": 0,
    "F6": 0,
    "F#6": 0,
    "G6": 0,
    "G#6": 0,
    "A6": 0,
    "A#6": 0,
    "B6": 0,
    "C7": 0,
    "C#7": 0,
    "D7": 0,
    "D#7": 0,
    "E7": 0,
    "F7": 0,
    "F#7": 0,
    "G7": 0,
    "G#7": 0,
    "A7": 0,
    "A#7": 0,
    "B7": 0,
    "C8": 0,
    "C#8": 0,
    "D8": 0,
    "D#8": 0,
    "E8": 0,
    "F8": 0,
    "F#8": 0,
    "G8": 0,
    "G#8": 0,
    "A8": 0,
    "A#8": 0,
    "B8": 0
}